conflict_case,origin_name,origin_iso,host_name,host_iso,host_group,year,post_conflict,conflict_intensity,refugee_stock,asylum_seekers,host_population,refugees_per_1000,log_refugee_stock,gdp_growth,inflation,unemployment,trade_pct_gdp,current_account_pct_gdp
Syrian Civil War,Syria,SYR,Austria,AUT,non_neighbor_european_host,2010,0,0.0,505.0,471.0,8363404.0,0.060382112355208475,6.226536669287466,1.80898243043663,1.81353438995061,4.883,99.6448825546716,2.94294851772084
Syrian Civil War,Syria,SYR,Austria,AUT,non_neighbor_european_host,2011,1,1203.0,903.0,456.0,8391643.0,0.10760705621056568,6.806829360392176,2.92746800169145,3.2865791487538,4.637,105.775098372378,1.58501011759763
Syrian Civil War,Syria,SYR,Austria,AUT,non_neighbor_european_host,2012,1,50490.0,1675.0,694.0,8429991.0,0.1986953485478217,7.424165281042028,0.628246239479637,2.48567562177014,4.909,105.840791389706,1.51000017550336
Syrian Civil War,Syria,SYR,Austria,AUT,non_neighbor_european_host,2013,1,72016.0,2748.0,1561.0,8479823.0,0.324063367832088,7.918992488165245,-0.250726423318454,2.00015616900597,5.367,104.985374015367,1.75299233450364
Syrian Civil War,Syria,SYR,Austria,AUT,non_neighbor_european_host,2014,1,65345.0,6653.0,0.0,8546356.0,0.7784604338972072,8.802973456578423,0.755798850316665,1.60581182954473,5.674,104.49673998926,2.31393875506259
Syrian Civil War,Syria,SYR,Austria,AUT,non_neighbor_european_host,2015,1,50181.0,14894.0,18669.0,8642699.0,1.7233042594680203,9.608780865147382,1.30352331826198,0.896563335260319,5.802,103.11758174626,1.58832680063968
Syrian Civil War,Syria,SYR,Austria,AUT,non_neighbor_european_host,2016,1,43650.0,30958.0,9812.0,8736668.0,3.5434561551383204,10.340419027440413,2.11721964494312,0.891591752655362,6.064,101.573494597172,2.57148776968199
Syrian Civil War,Syria,SYR,Austria,AUT,non_neighbor_european_host,2017,1,24126.0,43888.0,3937.0,8797566.0,4.988652543214794,10.689418998189405,2.27224992038207,2.08126911385586,5.561,105.556066755438,1.24444591726667
Syrian Civil War,Syria,SYR,Austria,AUT,non_neighbor_european_host,2018,1,13072.0,49179.0,1538.0,8840521.0,5.562907434980359,10.803242315770184,2.48422114080024,1.99837981429548,4.933,108.377969971828,0.908176708238318
Syrian Civil War,Syria,SYR,Austria,AUT,non_neighbor_european_host,2019,1,7379.0,51955.0,1304.0,8879920.0,5.850840998567555,10.858152485527174,1.75497619649288,1.53089564152643,4.56,108.207284904426,2.38423045289808
Syrian Civil War,Syria,SYR,Austria,AUT,non_neighbor_european_host,2020,1,4589.0,54903.0,2820.0,8916864.0,6.15720953016666,10.91334148458847,-6.31825509209936,1.38191063351853,5.201,99.9482141095975,3.3513779974929
Syrian Civil War,Syria,SYR,Austria,AUT,non_neighbor_european_host,2021,1,1356.0,62408.0,10558.0,8955797.0,6.968447364316096,11.041464774726492,4.92309171717903,2.7666666666667,6.459,111.032932124165,1.71590187553909
Syrian Civil War,Syria,SYR,Austria,AUT,non_neighbor_european_host,2022,1,911.0,73923.0,17244.0,9041851.0,8.175648990455604,11.210792817405647,5.33096379400371,8.54686993188457,4.992,123.579578652902,-0.826550284589036
Syrian Civil War,Syria,SYR,Austria,AUT,non_neighbor_european_host,2023,1,1500.0,87167.0,17740.0,9131761.0,9.54547540173248,11.375592570069129,-0.786244288594673,7.81413417002831,5.264,115.152914822732,1.31277352992302
Syrian Civil War,Syria,SYR,Austria,AUT,non_neighbor_european_host,2024,1,2166.0,105143.0,12762.0,9177982.0,11.45600416300664,11.563086118161845,-0.659089573171372,2.93791574279375,5.2,108.825777834405,1.53088550116276
Syrian Civil War,Syria,SYR,Germany,DEU,non_neighbor_european_host,2010,0,0.0,10518.0,2690.0,81776930.0,0.12861818119119903,9.260938424739274,4.13463778522758,1.1038103778926,7.043,73.8852351200263,5.77277636027696
Syrian Civil War,Syria,SYR,Germany,DEU,non_neighbor_european_host,2011,1,1203.0,10155.0,4713.0,80274983.0,0.12650267394014894,9.225819942824568,3.75796884489337,2.07517283735874,5.967,78.433002901442,6.26091712383114
Syrian Civil War,Syria,SYR,Germany,DEU,non_neighbor_european_host,2012,1,50490.0,18165.0,5986.0,80425823.0,0.22586029365220173,9.80730699406216,0.463512036709204,2.00848884782956,5.372,79.3316495670315,7.19554460437767
Syrian Civil War,Syria,SYR,Germany,DEU,non_neighbor_european_host,2013,1,72016.0,21253.0,10566.0,80645605.0,0.26353575002630336,9.96430039193264,0.396995583779145,1.50472330251876,5.316,77.5860288576931,6.72910853583547
Syrian Civil War,Syria,SYR,Germany,DEU,non_neighbor_european_host,2014,1,65345.0,40994.0,29591.0,80982500.0,0.5062081313864106,10.621205387030278,2.18018602168017,0.906794000434245,4.979,76.8483516336234,7.19417703303447
Syrian Civil War,Syria,SYR,Germany,DEU,non_neighbor_european_host,2015,1,50181.0,115604.0,81582.0,81686611.0,1.4152135654152673,11.657934486880203,1.66300602334775,0.514426137125456,4.612,77.7565815686922,8.09671429040111
Syrian Civil War,Syria,SYR,Germany,DEU,non_neighbor_european_host,2016,1,43650.0,375122.0,100527.0,82348669.0,4.555289169276069,12.835009251172307,2.22222216259371,0.491747008445174,4.104,76.0059902166055,8.9023603683727
Syrian Civil War,Syria,SYR,Germany,DEU,non_neighbor_european_host,2017,1,24126.0,496674.0,70833.0,82657002.0,6.008855728883078,13.115691167636264,2.797906720551,1.50949485109628,3.781,77.4548394742448,8.07873526112888
Syrian Civil War,Syria,SYR,Germany,DEU,non_neighbor_european_host,2018,1,13072.0,532065.0,52396.0,82905782.0,6.417706789135648,13.184522820779334,1.13569604599849,1.73216879766941,3.384,79.1252260463654,8.43761219902204
Syrian Civil War,Syria,SYR,Germany,DEU,non_neighbor_european_host,2019,1,7379.0,572818.0,41280.0,83092962.0,6.893700575988614,13.25832506446951,0.977734697038784,1.44565976888253,3.163,79.0732427175683,7.87471222403171
Syrian Civil War,Syria,SYR,Germany,DEU,non_neighbor_european_host,2020,1,4589.0,605338.0,37219.0,83160871.0,7.279120489250287,13.31354391066493,-4.13191443239947,0.144877925813981,3.881,72.9335327120137,6.34782686016016
Syrian Civil War,Syria,SYR,Germany,DEU,non_neighbor_european_host,2021,1,1356.0,621740.0,53750.0,83196078.0,7.473188820271071,13.340278886289472,3.90999994204108,3.06666666666673,3.594,79.9195348609851,6.9200696637534
Syrian Civil War,Syria,SYR,Germany,DEU,non_neighbor_european_host,2022,1,911.0,522575.0,54218.0,83177813.0,6.282624911044487,13.166525706789072,1.8092581243061,6.87257438551096,3.137,88.7857542130501,3.85045627175846
Syrian Civil War,Syria,SYR,Germany,DEU,non_neighbor_european_host,2023,1,1500.0,705812.0,72642.0,83287273.0,8.47442801975279,13.467105608869211,-0.869647578573321,5.94643667725823,3.071,81.9625483787634,5.51222510245724
Syrian Civil War,Syria,SYR,Germany,DEU,non_neighbor_european_host,2024,1,2166.0,725102.0,62959.0,83516593.0,8.68213098683276,13.494068992711489,-0.495851897260366,2.2564981433876,3.4,79.0907305894936,5.81156126321154
Syrian Civil War,Syria,SYR,Egypt,EGY,regional_non_neighbor_host,2010,0,0.0,8.0,0.0,89196072.0,8.969004823441104e-05,2.1972245773362196,5.1472348575531,11.2651882653185,8.757,47.9363500745898,-2.05668307641306
Syrian Civil War,Syria,SYR,Egypt,EGY,regional_non_neighbor_host,2011,1,1203.0,9.0,85.0,91093059.0,9.880006335060062e-05,2.302585092994046,1.7645719489982,10.0649259874818,11.849,45.2556341623514,-2.32378812632193
Syrian Civil War,Syria,SYR,Egypt,EGY,regional_non_neighbor_host,2012,1,50490.0,12836.0,0.0,93161001.0,0.13778297637656342,9.460086905084927,2.22619979863525,7.11172943343082,12.597,40.7117692721084,-2.49788021735236
Syrian Civil War,Syria,SYR,Egypt,EGY,regional_non_neighbor_host,2013,1,72016.0,131659.0,0.0,95333553.0,1.3810352793627654,11.787978121021867,2.18546605362143,9.4697198106492,13.154,40.373038056332,-1.22513249838744
Syrian Civil War,Syria,SYR,Egypt,EGY,regional_non_neighbor_host,2014,1,65345.0,138381.0,0.0,97528654.0,1.4188753184269312,11.837773255903988,2.91591187985748,10.0702154687481,13.105,36.9201877934272,-1.94849131455399
Syrian Civil War,Syria,SYR,Egypt,EGY,regional_non_neighbor_host,2015,1,50181.0,117635.0,0.0,99597342.0,1.1811058170608608,11.675350390049726,4.37201907790141,10.370490343517,13.052,34.8459429600229,-5.23529137853431
Syrian Civil War,Syria,SYR,Egypt,EGY,regional_non_neighbor_host,2016,1,43650.0,116013.0,0.0,101644589.0,1.1413593300082112,11.661466152461264,4.34664345555447,13.8136062148289,12.45,30.2465490514505,-6.16465951871263
Syrian Civil War,Syria,SYR,Egypt,EGY,regional_non_neighbor_host,2017,1,24126.0,126688.0,0.0,103696057.0,1.2217243708697623,11.74949054328213,4.18122099994778,29.5066083940038,11.767,42.8321343581608,-3.19681566782461
Syrian Civil War,Syria,SYR,Egypt,EGY,regional_non_neighbor_host,2018,1,13072.0,132871.0,0.0,105682094.0,1.2572706971532945,11.797141537778835,5.3311086189448,14.4014657807421,9.855,45.9110196733959,-2.93164483711978
Syrian Civil War,Syria,SYR,Egypt,EGY,regional_non_neighbor_host,2019,1,7379.0,129210.0,0.0,107553158.0,1.2013594245182462,11.769202006025377,5.55209307156956,9.15279959324803,7.851,41.1240171551108,-3.20758543154937
Syrian Civil War,Syria,SYR,Egypt,EGY,regional_non_neighbor_host,2020,1,4589.0,130577.0,0.0,109315124.0,1.1945007719151468,11.779726028342122,3.55016483786838,5.04493288977538,7.974,32.1262555667523,-3.70903990583373
Syrian Civil War,Syria,SYR,Egypt,EGY,regional_non_neighbor_host,2021,1,1356.0,136727.0,0.0,110957008.0,1.2322520448640792,11.825748829828342,3.29064601202211,5.21404940513042,7.441,29.8569734808122,-4.38240299812
Syrian Civil War,Syria,SYR,Egypt,EGY,regional_non_neighbor_host,2022,1,911.0,145658.0,0.0,112618250.0,1.2933782934826283,11.88902355244558,6.58784560886967,13.8956609775177,6.546,36.9831048772713,-2.2100904275198
Syrian Civil War,Syria,SYR,Egypt,EGY,regional_non_neighbor_host,2023,1,1500.0,153756.0,0.0,114535772.0,1.342427761346036,11.94312871308766,3.76028052279247,33.8847763115546,6.753,40.4504007720031,-3.17338760075615
Syrian Civil War,Syria,SYR,Egypt,EGY,regional_non_neighbor_host,2024,1,2166.0,147797.0,0.0,116538258.0,1.2682272975111744,11.903601755604953,2.3991692678251,28.2705899322082,6.817,39.6007520873733,-5.68596233493642
Syrian Civil War,Syria,SYR,Iraq,IRQ,neighboring_host,2010,0,0.0,254.0,968.0,31045366.0,0.008181575311432952,5.541263545158426,6.40256484471193,2.8777472527476,8.267,73.4974796202443,4.68412757383414
Syrian Civil War,Syria,SYR,Iraq,IRQ,neighboring_host,2011,1,1203.0,323.0,1391.0,32161424.0,0.010043087644377936,5.780743515792329,7.546471200426,5.801455370853,8.193,72.1713282233655,14.065166727563
Syrian Civil War,Syria,SYR,Iraq,IRQ,neighboring_host,2012,1,50490.0,63586.0,1185.0,33654842.0,1.8893566637454426,11.060164325919448,13.9364301737537,6.08909641595043,7.965,73.6086845912812,13.5507635163078
Syrian Civil War,Syria,SYR,Iraq,IRQ,neighboring_host,2013,1,72016.0,212809.0,1164.0,35281989.0,6.031661083506375,12.268155027826717,7.62828592298754,1.87949800749469,9.222,67.4100184095672,6.85843921497559
Syrian Civil War,Syria,SYR,Iraq,IRQ,neighboring_host,2014,1,65345.0,234196.0,1225.0,36550059.0,6.407540956363436,12.363917920499237,2.26368817563613,2.23597407904679,10.59,68.9824868569036,6.94151191976759
Syrian Civil War,Syria,SYR,Iraq,IRQ,neighboring_host,2015,1,50181.0,244642.0,0.0,37560535.0,6.513272507966141,12.407555284004639,2.60676642939541,1.39333028780309,10.865,69.5917685983115,-1.65602101285884
Syrian Civil War,Syria,SYR,Iraq,IRQ,neighboring_host,2016,1,43650.0,230836.0,0.0,38469627.0,6.000474088298283,12.349467112725899,13.7873730187089,0.556521397155511,10.82,54.588320188677,1.29416694062961
Syrian Civil War,Syria,SYR,Iraq,IRQ,neighboring_host,2017,1,24126.0,247057.0,0.0,39337353.0,6.280468337562011,12.417378405858491,-1.81975035118309,0.18405889884769,13.02,59.7809123923157,7.95462137277485
Syrian Civil War,Syria,SYR,Iraq,IRQ,neighboring_host,2018,1,13072.0,252526.0,0.0,40265624.0,6.27150345416229,12.439273452673941,2.63385099105624,0.367441488936849,13.458,65.8017917701083,15.1162785714327
Syrian Civil War,Syria,SYR,Iraq,IRQ,neighboring_host,2019,1,7379.0,245810.0,0.0,41192171.0,5.967396086018384,12.412318226943494,5.51379057542323,-0.198965380023928,14.096,68.9899384202806,6.74664580876131
Syrian Civil War,Syria,SYR,Iraq,IRQ,neighboring_host,2020,1,4589.0,242163.0,0.0,42116605.0,5.749822427519977,12.397370461563805,-12.0367930931152,0.574162679425795,15.766,57.742316395146,-3.48598226553261
Syrian Civil War,Syria,SYR,Iraq,IRQ,neighboring_host,2021,1,1356.0,254561.0,0.0,43071211.0,5.910235493494715,12.447299700234653,1.50218070952037,6.04186489058044,16.173,61.5032683117218,11.7148037882244
Syrian Civil War,Syria,SYR,Iraq,IRQ,neighboring_host,2022,1,911.0,257439.0,0.0,44070551.0,5.841519884786555,12.45854196222621,7.95904804992662,4.99476596381044,15.41,68.75879409409,20.1861883343541
Syrian Civil War,Syria,SYR,Iraq,IRQ,neighboring_host,2023,1,1500.0,271997.0,0.0,45074049.0,6.034447892622205,12.513549992309924,0.517705525131191,4.35835351089586,15.239,69.4613207990167,10.5528397110428
Syrian Civil War,Syria,SYR,Iraq,IRQ,neighboring_host,2024,1,2166.0,303611.0,0.0,46042015.0,6.594216174074918,12.623505849414192,-1.54525198318304,-12.2969837587007,15.293,70.7087434748943,2.99186896502489
Syrian Civil War,Syria,SYR,Jordan,JOR,neighboring_host,2010,0,0.0,198.0,287.0,7297043.0,0.027134278912704778,5.293304824724492,2.31483422063046,4.84551875852116,12.5,114.222677694125,-6.93580742997941
Syrian Civil War,Syria,SYR,Jordan,JOR,neighboring_host,2011,1,1203.0,193.0,2618.0,7480424.0,0.025800676539190825,5.267858159063328,2.73717988632104,4.1624416292779,12.9,118.699679501801,-10.0122011601875
Syrian Civil War,Syria,SYR,Jordan,JOR,neighboring_host,2012,1,50490.0,238798.0,491.0,7587127.0,31.474100802583113,12.383377472887126,2.42935800100238,4.5152295667099,12.2,117.855587685189,-14.8926903748186
Syrian Civil War,Syria,SYR,Jordan,JOR,neighboring_host,2013,1,72016.0,585304.0,0.0,7991809.0,73.2379865434722,13.279888357870536,2.60994737548631,4.82462314269537,12.6,111.451527997628,-10.1695840827968
Syrian Civil War,Syria,SYR,Jordan,JOR,neighboring_host,2014,1,65345.0,623112.0,0.0,8791710.0,70.87494924195634,13.342483161739487,3.38407809933472,2.89947905006057,11.9,109.938805535022,-7.07786962691051
Syrian Civil War,Syria,SYR,Jordan,JOR,neighboring_host,2015,1,50181.0,628223.0,0.0,9544729.0,65.8188409539967,13.350652069750419,2.49652879315188,-0.876851359704049,13.075,95.3579122266791,-8.99211424558985
Syrian Civil War,Syria,SYR,Jordan,JOR,neighboring_host,2016,1,43650.0,648836.0,0.0,10006367.0,64.84231489810438,13.382936808517334,1.9941808493012,-0.778430463054142,15.275,88.7207178954687,-9.65551431813951
Syrian Civil War,Syria,SYR,Jordan,JOR,neighboring_host,2017,1,24126.0,653031.0,0.0,10234226.0,63.80853813468649,13.389381411652064,2.47359815449045,3.32389447576097,18.12,89.7316005071358,-10.5575150922046
Syrian Civil War,Syria,SYR,Jordan,JOR,neighboring_host,2018,1,13072.0,676283.0,0.0,10462306.0,64.63995604793054,13.424368385143294,1.91907091341564,4.46231108475481,18.257,87.6359151906857,-6.83122381081
Syrian Civil War,Syria,SYR,Jordan,JOR,neighboring_host,2019,1,7379.0,654692.0,0.0,10671891.0,61.34732822889589,13.391921702452061,1.75124077866225,0.761514047265601,16.801,85.6878334964204,-1.73661317294453
Syrian Civil War,Syria,SYR,Jordan,JOR,neighboring_host,2020,1,4589.0,662790.0,0.0,10865228.0,61.00102087135217,13.404214985685563,-1.10275188309046,0.333294350628378,19.213,66.0599488089059,-5.73222808631063
Syrian Civil War,Syria,SYR,Jordan,JOR,neighboring_host,2021,1,1356.0,672952.0,0.0,11066356.0,60.8106227560364,13.419430769635431,3.65564358999147,1.34609377243118,19.837,80.3328699444404,-8.03006219204828
Syrian Civil War,Syria,SYR,Jordan,JOR,neighboring_host,2022,1,911.0,660892.0,0.0,11256263.0,58.713269226207665,13.401347229784962,2.64743514912058,4.22915568897117,18.2,104.095459439189,-8.11220847662388
Syrian Civil War,Syria,SYR,Jordan,JOR,neighboring_host,2023,1,1500.0,649091.0,0.0,11439213.0,56.742627311861405,13.383329742188254,2.88408339281683,2.08486986327134,16.62,100.347868752034,-3.57678301378854
Syrian Civil War,Syria,SYR,Jordan,JOR,neighboring_host,2024,1,2166.0,611473.0,0.0,11552876.0,52.928205928982536,13.323627714808048,2.48889409603647,1.55659611283953,16.693,99.6794477365724,-5.8601178450158
Syrian Civil War,Syria,SYR,Lebanon,LBN,neighboring_host,2010,0,0.0,64.0,141.0,5041288.0,0.012695168377605088,4.174387269895637,7.97513555844932,3.98347941855833,6.768,95.0966529416243,-19.6443379596193
Syrian Civil War,Syria,SYR,Lebanon,LBN,neighboring_host,2011,1,1203.0,124.0,368.0,5096020.0,0.024332714549785913,4.8283137373023015,0.86733987855277,4.97148571692384,7.352,102.139882412503,-13.8340690487529
Syrian Civil War,Syria,SYR,Lebanon,LBN,neighboring_host,2012,1,50490.0,126939.0,242.0,5235742.0,24.24470113309632,11.751469812860462,2.56479133680038,6.58147447683677,7.952,88.5455019230591,-23.4382140171445
Syrian Civil War,Syria,SYR,Lebanon,LBN,neighboring_host,2013,1,72016.0,851284.0,332.0,5743436.0,148.2185924941098,13.654502251606493,3.8278734986016,4.82101956297399,8.477,86.1743285920565,-25.5114319532074
Syrian Civil War,Syria,SYR,Lebanon,LBN,neighboring_host,2014,1,65345.0,1147494.0,418.0,6346990.0,180.79341546150224,13.953091863608869,2.48406010500743,1.8546042134091,8.84,79.8171565925627,-26.2298655609816
Syrian Civil War,Syria,SYR,Lebanon,LBN,neighboring_host,2015,1,50181.0,1062690.0,16.0,6472469.0,164.18618613700582,13.876314928330853,0.462320792597581,-3.74914524799629,9.312,71.8390426347811,-17.1077378092157
Syrian Civil War,Syria,SYR,Lebanon,LBN,neighboring_host,2016,1,43650.0,1005503.0,10.0,6323060.0,159.02158132296705,13.820999466307269,1.55454940856943,-0.783359624361508,9.794,67.7236177908116,-20.4780237123596
Syrian Civil War,Syria,SYR,Lebanon,LBN,neighboring_host,2017,1,24126.0,992127.0,10.0,6160128.0,161.0562312990899,13.807607410201129,0.903028464073813,4.32135218303191,10.258,68.4554292593276,-22.8822040339123
Syrian Civil War,Syria,SYR,Lebanon,LBN,neighboring_host,2018,1,13072.0,944181.0,5.0,5984119.0,157.78112032865656,13.75807422315493,-1.88470575631651,6.07698907889607,10.755,68.2573073043718,-24.3470417876755
Syrian Civil War,Syria,SYR,Lebanon,LBN,neighboring_host,2019,1,7379.0,910586.0,0.0,5794594.0,157.1440553039609,13.721844725479572,-6.91492472851026,3.00538949390383,11.301,62.98091601016,-21.828092491848
Syrian Civil War,Syria,SYR,Lebanon,LBN,neighboring_host,2020,1,4589.0,865300.0,0.0,5702398.0,151.74317892227094,13.670832702262716,-21.3998996914321,84.8643330472041,13.252,50.1298042879627,-8.76184199911137
Syrian Civil War,Syria,SYR,Lebanon,LBN,neighboring_host,2021,1,1356.0,840929.0,0.0,5718122.0,147.0638436885397,13.642263701245977,-7.00123862514116,154.756096023393,12.715,78.8286204025241,-19.6978128626341
Syrian Civil War,Syria,SYR,Lebanon,LBN,neighboring_host,2022,1,911.0,814715.0,0.0,5744489.0,141.8254957055362,13.610594865236857,-0.621678970663112,171.205491336641,11.105,114.888278265666,-34.606227109401
Syrian Civil War,Syria,SYR,Lebanon,LBN,neighboring_host,2023,1,1500.0,784884.0,0.0,5773493.0,135.94612481560122,13.573292489217552,-0.760584470257314,221.341644023365,10.985,104.206410069182,-28.103669636709
Syrian Civil War,Syria,SYR,Lebanon,LBN,neighboring_host,2024,1,2166.0,755426.0,0.0,5805962.0,130.11211578718564,13.53503843127464,,45.2430422716718,,,
Syrian Civil War,Syria,SYR,Netherlands,NLD,non_neighbor_european_host,2010,0,0.0,1186.0,133.0,16615394.0,0.0713795893133801,7.079184394609668,1.31932032302214,1.27530569556679,4.991,130.081707935343,6.40659475745775
Syrian Civil War,Syria,SYR,Netherlands,NLD,non_neighbor_european_host,2011,1,1203.0,1064.0,231.0,16693074.0,0.0637390093640033,6.970730078143525,1.77334516269423,2.34107017751373,4.977,141.757099325776,7.01569973680718
Syrian Civil War,Syria,SYR,Netherlands,NLD,non_neighbor_european_host,2012,1,50490.0,1449.0,231.0,16754962.0,0.08648184340853772,7.27931883541462,-0.977876877747732,2.45554765291614,5.821,149.393223058131,7.50199225228894
Syrian Civil War,Syria,SYR,Netherlands,NLD,non_neighbor_european_host,2013,1,72016.0,3404.0,0.0,16804432.0,0.20256560888222822,8.133000218583613,-0.0302325600539604,2.50689852657875,7.241,150.651850226949,7.90135338752684
Syrian Civil War,Syria,SYR,Netherlands,NLD,non_neighbor_european_host,2014,1,65345.0,8692.0,2323.0,16865008.0,0.5153866514620093,9.070273383079064,1.61261001294011,0.976035079699679,7.419,151.715891056501,8.54625757819212
Syrian Civil War,Syria,SYR,Netherlands,NLD,non_neighbor_european_host,2015,1,50181.0,16184.0,12718.0,16939923.0,0.9553762434457347,9.691840166360345,2.12060523860846,0.600248147278776,6.872,160.325812564809,4.84837059519835
Syrian Civil War,Syria,SYR,Netherlands,NLD,non_neighbor_european_host,2016,1,43650.0,28394.0,987.0,17030314.0,1.6672622712652274,10.253968352311533,2.42428572955482,0.316666666666652,6.007,150.96552921165,7.14588669256921
Syrian Civil War,Syria,SYR,Netherlands,NLD,non_neighbor_european_host,2017,1,24126.0,30851.0,668.0,17131296.0,1.8008561640637113,10.33695685705389,2.78154619309936,1.38145871407216,4.837,159.646059656847,8.04969631853887
Syrian Civil War,Syria,SYR,Netherlands,NLD,non_neighbor_european_host,2018,1,13072.0,32092.0,1687.0,17231624.0,1.8623897550225097,10.376393216801882,2.2587403735731,1.70349794744479,3.832,163.559146573044,8.83776760941587
Syrian Civil War,Syria,SYR,Netherlands,NLD,non_neighbor_european_host,2019,1,7379.0,31694.0,3092.0,17344874.0,1.8272833806691244,10.363914218718266,2.30009157916757,2.63369910249591,3.379,160.676671884999,6.79648399842587
Syrian Civil War,Syria,SYR,Netherlands,NLD,non_neighbor_european_host,2020,1,4589.0,35810.0,2280.0,17441500.0,2.0531490984147007,10.486010387763148,-3.86795333823223,1.27246037789161,3.82,152.233230409706,5.72296366531146
Syrian Civil War,Syria,SYR,Netherlands,NLD,non_neighbor_european_host,2021,1,1356.0,39388.0,6362.0,17533044.0,2.2465009498635835,10.581241868488592,6.2768306708326,2.67572008805385,4.209,163.154842689698,10.2781370842496
Syrian Civil War,Syria,SYR,Netherlands,NLD,non_neighbor_european_host,2022,1,911.0,56580.0,11977.0,17700982.0,3.1964328306757217,10.943428518789158,5.00723455159611,10.0012078753473,3.526,184.107484252682,6.82147679536226
Syrian Civil War,Syria,SYR,Netherlands,NLD,non_neighbor_european_host,2023,1,1500.0,58378.0,15732.0,17877117.0,3.265515351272803,10.97471151510758,-0.598096167209832,3.83839354342808,3.535,165.030429478933,9.41409249872004
Syrian Civil War,Syria,SYR,Netherlands,NLD,non_neighbor_european_host,2024,1,2166.0,70656.0,15191.0,17993485.0,3.926754600345625,11.165592463176269,1.08100584845663,3.34754304219953,3.7,153.83065216636,9.12996820020418
Syrian Civil War,Syria,SYR,Sweden,SWE,non_neighbor_european_host,2010,0,0.0,1169.0,371.0,9378126.0,0.12465176944732882,7.064759027791802,5.75076477579255,1.15798802715626,8.61,85.0914849272733,5.92506783771235
Syrian Civil War,Syria,SYR,Sweden,SWE,non_neighbor_european_host,2011,1,1203.0,1206.0,485.0,9449213.0,0.12762967667254405,7.095893221097532,3.16388567406926,2.9611507382214,7.804,86.3907448060188,5.51028500175062
Syrian Civil War,Syria,SYR,Sweden,SWE,non_neighbor_european_host,2012,1,50490.0,6051.0,3751.0,9519374.0,0.6356510417596787,8.708144074908246,-0.414397702454409,0.888377506923735,7.976,85.2980605424359,5.53304332576063
Syrian Civil War,Syria,SYR,Sweden,SWE,non_neighbor_european_host,2013,1,72016.0,17984.0,6808.0,9600379.0,1.8732593786141152,9.797293356129725,1.13766671801426,-0.044292970148682,8.052,81.6402521329964,4.70549381033489
Syrian Civil War,Syria,SYR,Sweden,SWE,non_neighbor_european_host,2014,1,65345.0,34285.0,19011.0,9696110.0,3.5359541094315143,10.442492386567427,2.29577238758284,-0.179638494114635,7.954,83.8229810483527,3.44736840993781
Syrian Civil War,Syria,SYR,Sweden,SWE,non_neighbor_european_host,2015,1,50181.0,52707.0,49286.0,9799186.0,5.378712068533039,10.872522525665143,4.38824673608589,-0.0467847449832812,7.432,84.1730765958171,2.71694586220694
Syrian Civil War,Syria,SYR,Sweden,SWE,non_neighbor_european_host,2016,1,43650.0,96914.0,7085.0,9923085.0,9.766519182290589,11.481589584660375,2.13117914731151,0.984269244577992,6.99,83.4519478574149,2.01094417852559
Syrian Civil War,Syria,SYR,Sweden,SWE,non_neighbor_european_host,2017,1,24126.0,103614.0,3531.0,10057698.0,10.301959752619338,11.548437385971589,1.88282184966646,1.79449904665599,6.718,86.0693088740521,2.18976179161859
Syrian Civil War,Syria,SYR,Sweden,SWE,non_neighbor_european_host,2018,1,13072.0,109343.0,2353.0,10175214.0,10.746014776691675,11.602254154915018,1.7702553546772,1.95353530127028,6.365,90.4087142361701,2.08249358421543
Syrian Civil War,Syria,SYR,Sweden,SWE,non_neighbor_european_host,2019,1,7379.0,113418.0,2226.0,10278887.0,11.034074019881725,11.638844204741988,2.60823012869524,1.78415097403835,6.833,92.7511390290561,5.21540072405935
Syrian Civil War,Syria,SYR,Sweden,SWE,non_neighbor_european_host,2020,1,4589.0,114609.0,1544.0,10353442.0,11.06965200558423,11.649290339490745,-1.93379704032216,0.497367318853572,8.291,84.4745958141618,5.66402536162381
Syrian Civil War,Syria,SYR,Sweden,SWE,non_neighbor_european_host,2021,1,1356.0,115233.0,1510.0,10415811.0,11.063276781807964,11.654720122587902,5.2258643028773,2.16319736447143,8.803,91.1102374413042,6.24035538176738
Syrian Civil War,Syria,SYR,Sweden,SWE,non_neighbor_european_host,2022,1,911.0,111199.0,1233.0,10486941.0,10.603568762330216,11.61908566079862,1.25543620445816,8.36929098869189,7.417,107.111751826512,4.02301740437692
Syrian Civil War,Syria,SYR,Sweden,SWE,non_neighbor_european_host,2023,1,1500.0,94873.0,856.0,10536632.0,9.004110611436367,11.46030497445793,-0.204061304891439,8.5486248974891,7.611,107.619709443974,6.2390117363286
Syrian Civil War,Syria,SYR,Sweden,SWE,non_neighbor_european_host,2024,1,2166.0,25632.0,727.0,10569709.0,2.425043111404486,10.151635862839903,0.820071806703865,2.83581658224034,8.4,105.883091480464,6.4830167356985
Syrian Civil War,Syria,SYR,Turkey,TUR,neighboring_host,2010,0,0.0,9.0,65.0,73142150.0,0.00012304806462484354,2.302585092994046,8.54219848467686,8.56644420552976,11.879,46.9433366709891,-5.70254261669491
Syrian Civil War,Syria,SYR,Turkey,TUR,neighboring_host,2011,1,1203.0,19.0,205.0,74223629.0,0.0002559831721512835,2.995732273553991,10.9799625273598,6.471879671151,9.789,53.651583897618,-8.81351105932507
Syrian Civil War,Syria,SYR,Turkey,TUR,neighboring_host,2012,1,50490.0,248466.0,200.0,75175827.0,3.305131581725067,12.423065318919862,4.80762696633448,8.89156996512163,9.21,53.3277612968607,-4.72096418758118
Syrian Civil War,Syria,SYR,Turkey,TUR,neighboring_host,2013,1,72016.0,585601.0,110.0,76147624.0,7.690338440500783,13.280395656923954,8.48825689298511,7.49309030547693,9.713,53.0683530043043,-5.12686124176872
Syrian Civil War,Syria,SYR,Turkey,TUR,neighboring_host,2014,1,65345.0,1557899.0,250.0,77181884.0,20.184775484361072,14.25884931850052,4.60079447270559,8.85457271364316,9.901,54.30677404128,-3.40746259930754
Syrian Civil War,Syria,SYR,Turkey,TUR,neighboring_host,2015,1,50181.0,2503549.0,297.0,78218479.0,32.00712967072653,14.733220282591843,5.80557386628684,7.67085364845885,10.304,51.8749252596832,-2.46735825450658
Syrian Civil War,Syria,SYR,Turkey,TUR,neighboring_host,2016,1,43650.0,2823987.0,180.0,79277962.0,35.62133698643767,14.853660628294456,3.32366508200445,7.7751341532833,10.899,48.870183807987,-2.54530792537505
Syrian Civil War,Syria,SYR,Turkey,TUR,neighboring_host,2017,1,24126.0,3424237.0,162.0,80312698.0,42.63630889352017,15.046389523173902,7.82585730002594,11.1443110840764,10.919,56.1356585158689,-4.06783613710293
Syrian Civil War,Syria,SYR,Turkey,TUR,neighboring_host,2018,1,13072.0,3622366.0,111.0,81407204.0,44.49687278290506,15.102638237527119,3.46815306092219,16.3324638988929,10.956,62.8251323851165,-1.85233343060557
Syrian Civil War,Syria,SYR,Turkey,TUR,neighboring_host,2019,1,7379.0,3576370.0,0.0,82579440.0,43.30823749834099,15.089859157097752,1.30162365464503,15.1768215720022,13.73,62.5784589326239,1.9351600379275
Syrian Civil War,Syria,SYR,Turkey,TUR,neighboring_host,2020,1,4589.0,3641370.0,0.0,83384680.0,43.66953258080501,15.107870817050387,1.80306247087255,12.2789574462574,13.148,60.389853117297,-4.22284721473811
Syrian Civil War,Syria,SYR,Turkey,TUR,neighboring_host,2021,1,1356.0,3737369.0,0.0,84147318.0,44.41459441404894,15.133892713467453,11.811094450607,19.5964926913324,11.969,69.6088976086437,-0.74064931592423
Syrian Civil War,Syria,SYR,Turkey,TUR,neighboring_host,2022,1,911.0,3535898.0,0.0,84979913.0,41.60863285421344,15.078478138983314,5.44122511322401,72.3088359891207,10.465,79.8982722314341,-4.99763806227356
Syrian Civil War,Syria,SYR,Turkey,TUR,neighboring_host,2023,1,1500.0,3214780.0,0.0,85325965.0,37.67645639870583,14.983269795137751,5.04512369812289,53.8594087593315,9.388,65.6832084738667,-3.63367003503212
Syrian Civil War,Syria,SYR,Turkey,TUR,neighboring_host,2024,1,2166.0,2901478.0,0.0,85518661.0,33.92801016844733,14.880731164950902,3.3276230893799,58.5064507300342,8.8,54.5988061195916,-0.766008235540632
Russia-Ukraine War,Ukraine,UKR,Austria,AUT,non_neighbor_european_host,2010,0,0.0,282.0,238.0,8363404.0,0.03371832808746295,5.645446897643238,1.80898243043663,1.81353438995061,4.883,99.6448825546716,2.94294851772084
Russia-Ukraine War,Ukraine,UKR,Austria,AUT,non_neighbor_european_host,2011,0,0.0,308.0,141.0,8391643.0,0.03670318196329372,5.733341276897746,2.92746800169145,3.2865791487538,4.637,105.775098372378,1.58501011759763
Russia-Ukraine War,Ukraine,UKR,Austria,AUT,non_neighbor_european_host,2012,0,0.0,309.0,131.0,8429991.0,0.0366548434037474,5.736572297479192,0.628246239479637,2.48567562177014,4.909,105.840791389706,1.51000017550336
Russia-Ukraine War,Ukraine,UKR,Austria,AUT,non_neighbor_european_host,2013,0,0.0,311.0,125.0,8479823.0,0.036675293812146785,5.7430031878094825,-0.250726423318454,2.00015616900597,5.367,104.985374015367,1.75299233450364
Russia-Ukraine War,Ukraine,UKR,Austria,AUT,non_neighbor_european_host,2014,0,4895.0,300.0,0.0,8546356.0,0.03510268001941412,5.707110264748875,0.755798850316665,1.60581182954473,5.674,104.49673998926,2.31393875506259
Russia-Ukraine War,Ukraine,UKR,Austria,AUT,non_neighbor_european_host,2015,0,1890.0,287.0,756.0,8642699.0,0.03320721918002698,5.662960480135946,1.30352331826198,0.896563335260319,5.802,103.11758174626,1.58832680063968
Russia-Ukraine War,Ukraine,UKR,Austria,AUT,non_neighbor_european_host,2016,0,697.0,301.0,846.0,8736668.0,0.03445249378824971,5.71042701737487,2.11721964494312,0.891591752655362,6.064,101.573494597172,2.57148776968199
Russia-Ukraine War,Ukraine,UKR,Austria,AUT,non_neighbor_european_host,2017,0,447.0,292.0,770.0,8797566.0,0.03319099851026977,5.680172609017068,2.27224992038207,2.08126911385586,5.561,105.556066755438,1.24444591726667
Russia-Ukraine War,Ukraine,UKR,Austria,AUT,non_neighbor_european_host,2018,0,243.0,282.0,537.0,8840521.0,0.03189857249363471,5.645446897643238,2.48422114080024,1.99837981429548,4.933,108.377969971828,0.908176708238318
Russia-Ukraine War,Ukraine,UKR,Austria,AUT,non_neighbor_european_host,2019,0,311.0,265.0,313.0,8879920.0,0.02984261119469545,5.583496308781699,1.75497619649288,1.53089564152643,4.56,108.207284904426,2.38423045289808
Russia-Ukraine War,Ukraine,UKR,Austria,AUT,non_neighbor_european_host,2020,0,196.0,251.0,182.0,8916864.0,0.028148909751230924,5.529429087511423,-6.31825509209936,1.38191063351853,5.201,99.9482141095975,3.3513779974929
Russia-Ukraine War,Ukraine,UKR,Austria,AUT,non_neighbor_european_host,2021,0,208.0,253.0,113.0,8955797.0,0.028249858722791506,5.537334267018537,4.92309171717903,2.7666666666667,6.459,111.032932124165,1.71590187553909
Russia-Ukraine War,Ukraine,UKR,Austria,AUT,non_neighbor_european_host,2022,1,43.0,89862.0,249.0,9041851.0,9.938451761702332,11.406041567332844,5.33096379400371,8.54686993188457,4.992,123.579578652902,-0.826550284589036
Russia-Ukraine War,Ukraine,UKR,Austria,AUT,non_neighbor_european_host,2023,1,0.0,83748.0,68.0,9131761.0,9.171067880554473,11.335579509317519,-0.786244288594673,7.81413417002831,5.264,115.152914822732,1.31277352992302
Russia-Ukraine War,Ukraine,UKR,Austria,AUT,non_neighbor_european_host,2024,1,0.0,84987.0,56.0,9177982.0,9.25987869664595,11.35026534903553,-0.659089573171372,2.93791574279375,5.2,108.825777834405,1.53088550116276
Russia-Ukraine War,Ukraine,UKR,Czechia,CZE,non_neighbor_european_host,2010,0,0.0,94.0,131.0,10474410.0,0.008974252487729619,4.553876891600541,2.71466509907701,1.47272727272728,7.281,126.756480116798,-3.48120039690542
Russia-Ukraine War,Ukraine,UKR,Czechia,CZE,non_neighbor_european_host,2011,0,0.0,94.0,0.0,10496088.0,0.008955717596879905,4.553876891600541,1.77238085338473,1.9172191363555,6.712,136.750855542438,-2.1691537824734
Russia-Ukraine War,Ukraine,UKR,Czechia,CZE,non_neighbor_european_host,2012,0,0.0,105.0,43.0,10510785.0,0.009989739110827593,4.663439094112067,-0.770668190622743,3.28762306610411,6.979,145.480195396935,-1.501449440317
Russia-Ukraine War,Ukraine,UKR,Czechia,CZE,non_neighbor_european_host,2013,0,0.0,110.0,26.0,10514272.0,0.010461970167787176,4.709530201312334,-0.0418124160447491,1.4382978723404,6.953,145.502230624961,-0.519137991701544
Russia-Ukraine War,Ukraine,UKR,Czechia,CZE,non_neighbor_european_host,2014,0,4895.0,292.0,174.0,10525347.0,0.027742553285891668,5.680172609017068,2.24521219862635,0.343988589646793,6.108,156.415122826886,0.217020094001342
Russia-Ukraine War,Ukraine,UKR,Czechia,CZE,non_neighbor_european_host,2015,0,1890.0,444.0,241.0,10546059.0,0.04210103508808361,6.09807428216624,4.95875848915604,0.309364548494975,5.048,154.018400997633,0.446971205922034
Russia-Ukraine War,Ukraine,UKR,Czechia,CZE,non_neighbor_european_host,2016,0,697.0,444.0,232.0,10566332.0,0.042020258307234715,6.09807428216624,2.58087013921376,0.683504209385702,3.952,148.547004664435,1.74734921729713
Russia-Ukraine War,Ukraine,UKR,Czechia,CZE,non_neighbor_european_host,2017,0,447.0,444.0,186.0,10594438.0,0.04190878270277291,6.09807428216624,5.17356529967881,2.4505339846014,2.893,147.750834854762,1.35301705500193
Russia-Ukraine War,Ukraine,UKR,Czechia,CZE,non_neighbor_european_host,2018,0,243.0,318.0,241.0,10629928.0,0.029915536586889394,5.765191102784844,2.83030588267866,2.14949494949492,2.246,145.141717890789,0.451859774047593
Russia-Ukraine War,Ukraine,UKR,Czechia,CZE,non_neighbor_european_host,2019,0,311.0,305.0,146.0,10671870.0,0.028579808412208918,5.723585101952381,3.56577658128261,2.84787595918041,2.015,138.154609993871,0.356195094422181
Russia-Ukraine War,Ukraine,UKR,Czechia,CZE,non_neighbor_european_host,2020,0,196.0,284.0,121.0,10697858.0,0.026547370510993883,5.652489180268651,-5.30487955463876,3.1612952849781,2.55,128.780430305965,1.7852008079583
Russia-Ukraine War,Ukraine,UKR,Czechia,CZE,non_neighbor_european_host,2021,0,208.0,225.0,120.0,10505772.0,0.021416798308586938,5.420534999272286,4.02901832055149,3.83984491500146,2.803,137.378116302868,-2.04624111898244
Russia-Ukraine War,Ukraine,UKR,Czechia,CZE,non_neighbor_european_host,2022,1,43.0,433501.0,137.0,10672118.0,40.61995941199301,12.97965168880224,2.8471706583814,15.100165146837,2.224,144.011494109397,-4.52048439437013
Russia-Ukraine War,Ukraine,UKR,Czechia,CZE,non_neighbor_european_host,2023,1,0.0,374247.0,100.0,10864042.0,34.44822838497863,12.83267395824622,0.0475803308973752,10.6612601372427,2.579,131.892598295876,-0.125406557037842
Russia-Ukraine War,Ukraine,UKR,Czechia,CZE,non_neighbor_european_host,2024,1,0.0,388388.0,126.0,10905028.0,35.61549773187194,12.869762693680022,1.23308611983484,2.43531202435314,2.6,131.484981069952,1.74244358000018
Russia-Ukraine War,Ukraine,UKR,Germany,DEU,non_neighbor_european_host,2010,0,0.0,19398.0,94.0,81776930.0,0.23720626342906245,9.872976797331106,4.13463778522758,1.1038103778926,7.043,73.8852351200263,5.77277636027696
Russia-Ukraine War,Ukraine,UKR,Germany,DEU,non_neighbor_european_host,2011,0,0.0,19922.0,70.0,80274983.0,0.24817196161847832,9.899630122208823,3.75796884489337,2.07517283735874,5.967,78.433002901442,6.26091712383114
Russia-Ukraine War,Ukraine,UKR,Germany,DEU,non_neighbor_european_host,2012,0,0.0,20059.0,158.0,80425823.0,0.24940994386840157,9.906483061515926,0.463512036709204,2.00848884782956,5.372,79.3316495670315,7.19554460437767
Russia-Ukraine War,Ukraine,UKR,Germany,DEU,non_neighbor_european_host,2013,0,0.0,261.0,259.0,80645605.0,0.0032363821934251716,5.568344503761097,0.396995583779145,1.50472330251876,5.316,77.5860288576931,6.72910853583547
Russia-Ukraine War,Ukraine,UKR,Germany,DEU,non_neighbor_european_host,2014,0,4895.0,299.0,2772.0,80982500.0,0.0036921557126539683,5.703782474656201,2.18018602168017,0.906794000434245,4.979,76.8483516336234,7.19417703303447
Russia-Ukraine War,Ukraine,UKR,Germany,DEU,non_neighbor_european_host,2015,0,1890.0,320.0,6628.0,81686611.0,0.003917410651300003,5.771441123130016,1.66300602334775,0.514426137125456,4.612,77.7565815686922,8.09671429040111
Russia-Ukraine War,Ukraine,UKR,Germany,DEU,non_neighbor_european_host,2016,0,697.0,355.0,6346.0,82348669.0,0.004310937921777461,5.87493073085203,2.22222216259371,0.491747008445174,4.104,76.0059902166055,8.9023603683727
Russia-Ukraine War,Ukraine,UKR,Germany,DEU,non_neighbor_european_host,2017,0,447.0,631.0,3963.0,82657002.0,0.00763395701189356,6.448889394146858,2.797906720551,1.50949485109628,3.781,77.4548394742448,8.07873526112888
Russia-Ukraine War,Ukraine,UKR,Germany,DEU,non_neighbor_european_host,2018,0,243.0,741.0,3149.0,82905782.0,0.008937856710645344,6.60934924316738,1.13569604599849,1.73216879766941,3.384,79.1252260463654,8.43761219902204
Russia-Ukraine War,Ukraine,UKR,Germany,DEU,non_neighbor_european_host,2019,0,311.0,847.0,2312.0,83092962.0,0.010193402420773013,6.742880635791903,0.977734697038784,1.44565976888253,3.163,79.0732427175683,7.87471222403171
Russia-Ukraine War,Ukraine,UKR,Germany,DEU,non_neighbor_european_host,2020,0,196.0,895.0,1519.0,83160871.0,0.010762273040646725,6.79794041297493,-4.13191443239947,0.144877925813981,3.881,72.9335327120137,6.34782686016016
Russia-Ukraine War,Ukraine,UKR,Germany,DEU,non_neighbor_european_host,2021,0,208.0,918.0,1328.0,83196078.0,0.0110341739907499,6.823286122355687,3.90999994204108,3.06666666666673,3.594,79.9195348609851,6.9200696637534
Russia-Ukraine War,Ukraine,UKR,Germany,DEU,non_neighbor_european_host,2022,1,43.0,1002999.0,1383.0,83177813.0,12.058492088509228,13.818506066944073,1.8092581243061,6.87257438551096,3.137,88.7857542130501,3.85045627175846
Russia-Ukraine War,Ukraine,UKR,Germany,DEU,non_neighbor_european_host,2023,1,0.0,1097503.0,1640.0,83287273.0,13.177319420699487,13.908549068571746,-0.869647578573321,5.94643667725823,3.071,81.9625483787634,5.51222510245724
Russia-Ukraine War,Ukraine,UKR,Germany,DEU,non_neighbor_european_host,2024,1,0.0,1205729.0,1830.0,83516593.0,14.436999363707281,14.00259575060725,-0.495851897260366,2.2564981433876,3.4,79.0907305894936,5.81156126321154
Russia-Ukraine War,Ukraine,UKR,Spain,ESP,non_neighbor_european_host,2010,0,0.0,25.0,0.0,46576897.0,0.0005367467910110027,3.258096538021482,0.0941223116369514,1.79986457728768,19.86,52.6933699734019,-3.57734356702049
Russia-Ukraine War,Ukraine,UKR,Spain,ESP,non_neighbor_european_host,2011,0,0.0,18.0,0.0,46742697.0,0.00038508689389489016,2.9444389791664403,-0.639920636520344,3.1961018883379,21.39,58.5118228859632,-2.58929008588059
Russia-Ukraine War,Ukraine,UKR,Spain,ESP,non_neighbor_european_host,2012,0,0.0,10.0,15.0,46773055.0,0.00021379830759397692,2.3978952727983707,-2.86511368637748,2.44612782366808,24.789,60.5540346961864,0.125923054524352
Russia-Ukraine War,Ukraine,UKR,Spain,ESP,non_neighbor_european_host,2013,0,0.0,6.0,9.0,46604197.0,0.0001287437695793793,1.9459101490553132,-1.42732224757626,1.40858109183018,26.094,61.6687726441327,2.07791536141212
Russia-Ukraine War,Ukraine,UKR,Spain,ESP,non_neighbor_european_host,2014,0,4895.0,5.0,689.0,46460733.0,0.00010761775971119526,1.791759469228055,1.52048593647231,-0.151114837527234,24.441,63.39926213895,1.73595007328569
Russia-Ukraine War,Ukraine,UKR,Spain,ESP,non_neighbor_european_host,2015,0,1890.0,0.0,0.0,46422303.0,0.0,0.0,4.06086672473866,-0.500365709903242,22.057,63.5820412248232,2.03697429462383
Russia-Ukraine War,Ukraine,UKR,Spain,ESP,non_neighbor_european_host,2016,0,697.0,68.0,5555.0,46458139.0,0.001463683252572816,4.23410650459726,2.91515598595787,-0.202598000426452,19.635,63.1886778507294,3.15808866042231
Russia-Ukraine War,Ukraine,UKR,Spain,ESP,non_neighbor_european_host,2017,0,447.0,368.0,4466.0,46571232.0,0.00790187384349205,5.910796644040527,2.89604207865007,1.95607633363963,17.224,66.167446137857,2.82857699785742
Russia-Ukraine War,Ukraine,UKR,Spain,ESP,non_neighbor_european_host,2018,0,243.0,562.0,4300.0,46782011.0,0.012013164632875658,6.333279628139691,2.39541124478878,1.6749813686379,15.255,67.0094103982921,1.86142647160726
Russia-Ukraine War,Ukraine,UKR,Spain,ESP,non_neighbor_european_host,2019,0,311.0,631.0,6460.0,47118501.0,0.013391767280542307,6.448889394146858,1.96117850841711,0.699518994458738,14.104,66.3662250440692,2.11978917805627
Russia-Ukraine War,Ukraine,UKR,Spain,ESP,non_neighbor_european_host,2020,0,196.0,922.0,4290.0,47359424.0,0.019468142180107596,6.827629234502852,-10.9400706350371,-0.322753017299739,15.532,59.4461280147076,0.819280213926566
Russia-Ukraine War,Ukraine,UKR,Spain,ESP,non_neighbor_european_host,2021,0,208.0,1515.0,2820.0,47443821.0,0.03193250391868732,7.323830566202317,6.68314420473001,3.09313511976419,14.914,66.524588943191,0.765004613238441
Russia-Ukraine War,Ukraine,UKR,Spain,ESP,non_neighbor_european_host,2022,1,43.0,159194.0,1515.0,47786102.0,3.3313870212724193,11.977885144864032,6.37031712129601,8.39057634118626,13.033,78.4657338703054,0.379418337465124
Russia-Ukraine War,Ukraine,UKR,Spain,ESP,non_neighbor_european_host,2023,1,0.0,191327.0,1145.0,48352528.0,3.956918240138344,12.16174451168063,2.46085796805582,3.53236133492432,12.179,71.7976366055733,2.73246084042226
Russia-Ukraine War,Ukraine,UKR,Spain,ESP,non_neighbor_european_host,2024,1,0.0,222544.0,1010.0,48848840.0,4.555768366249843,12.312884607330238,3.45525405630191,2.77417826534772,11.4,69.9502612382631,3.18327391138732
Russia-Ukraine War,Ukraine,UKR,France,FRA,non_neighbor_european_host,2010,0,0.0,712.0,0.0,65026211.0,0.010949430837973936,6.569481420414296,2.00032476039051,1.53112270420918,9.279,56.587555247796,-0.832545468638348
Russia-Ukraine War,Ukraine,UKR,France,FRA,non_neighbor_european_host,2011,0,0.0,716.0,0.0,65340830.0,0.010957926307333408,6.57507584059962,2.43757653729007,2.11159795175,9.228,60.6056354816406,-1.02802797917579
Russia-Ukraine War,Ukraine,UKR,France,FRA,non_neighbor_european_host,2012,0,0.0,719.0,0.0,65657659.0,0.010950740720134418,6.579251212010101,0.183835264973013,1.95419531613509,9.841,61.6589570771102,-1.22530807843013
Russia-Ukraine War,Ukraine,UKR,France,FRA,non_neighbor_european_host,2013,0,0.0,732.0,57.0,65997932.0,0.011091256616949756,6.597145701886651,0.781756446231,0.863715497861804,9.913,61.8192338733962,-0.597990456908108
Russia-Ukraine War,Ukraine,UKR,France,FRA,non_neighbor_european_host,2014,0,4895.0,737.0,1239.0,66312067.0,0.011114115927045375,6.6039438246004725,0.997832947295251,0.507758822937989,10.273,62.1992669379507,-0.962733699381149
Russia-Ukraine War,Ukraine,UKR,France,FRA,non_neighbor_european_host,2015,0,1890.0,1038.0,1533.0,66548272.0,0.015597700267859697,6.946013991099227,1.06675474783462,0.0375143805125181,10.354,63.5046871956484,-0.334528437032909
Russia-Ukraine War,Ukraine,UKR,France,FRA,non_neighbor_european_host,2016,0,697.0,1382.0,636.0,66724104.0,0.02071215523553527,7.232010331664759,0.860031075424033,0.183334861123764,10.057,63.3427564383351,-0.538632351885891
Russia-Ukraine War,Ukraine,UKR,France,FRA,non_neighbor_european_host,2017,0,447.0,1605.0,439.0,66918020.0,0.023984570972064027,7.381501894506707,2.08361485997399,1.03228275064681,9.409,65.3958481559711,-0.474615185215668
Russia-Ukraine War,Ukraine,UKR,France,FRA,non_neighbor_european_host,2018,0,243.0,1715.0,703.0,67158348.0,0.025536661503347283,7.447751280047908,1.64590872395887,1.85081508315492,9.018,66.8022607812266,-0.735670615255372
Russia-Ukraine War,Ukraine,UKR,France,FRA,non_neighbor_european_host,2019,0,311.0,1839.0,1020.0,67382061.0,0.02729213046778133,7.517520850603031,2.02744646419237,1.10825492288293,8.415,66.4289771741449,0.587362764575747
Russia-Ukraine War,Ukraine,UKR,France,FRA,non_neighbor_european_host,2020,0,196.0,1921.0,1940.0,67601110.0,0.028416693157849036,7.561121589530238,-7.44064589948231,0.476498852725065,8.009,58.8388907240647,-2.00313613657686
Russia-Ukraine War,Ukraine,UKR,France,FRA,non_neighbor_european_host,2021,0,208.0,2801.0,588.0,67842811.0,0.041286614730630784,7.938088726896952,6.88233783360239,1.64233141038393,7.871,63.788482630872,0.244238511780543
Russia-Ukraine War,Ukraine,UKR,France,FRA,non_neighbor_european_host,2022,1,43.0,69302.0,1270.0,68184457.0,1.016389996330102,11.146243474284297,2.71676264185913,5.22236748369725,7.303,75.9630077981996,-1.43234855251881
Russia-Ukraine War,Ukraine,UKR,France,FRA,non_neighbor_european_host,2023,1,0.0,68181.0,1866.0,68372286.0,0.9972022874882376,11.129935879377234,1.43921494437743,4.8783572650844,7.335,70.6261450610225,-1.04301703799496
Russia-Ukraine War,Ukraine,UKR,France,FRA,non_neighbor_european_host,2024,1,0.0,68929.0,6296.0,68551653.0,1.0055045645653504,11.140846775879698,1.19046798275883,1.99904942291462,7.4,68.1081875443744,0.0851279883251641
Russia-Ukraine War,Ukraine,UKR,Hungary,HUN,neighboring_host,2010,0,0.0,44.0,7.0,10000023.0,0.004399989880023276,3.8066624897703196,1.06795068152046,4.85555795691956,11.172,157.838960085896,-0.188218208390541
Russia-Ukraine War,Ukraine,UKR,Hungary,HUN,neighboring_host,2011,0,0.0,44.0,0.0,9971727.0,0.0044124753916748825,3.8066624897703196,1.91670916599742,3.9299209893507,11.029,166.754347209897,0.428842717780173
Russia-Ukraine War,Ukraine,UKR,Hungary,HUN,neighboring_host,2012,0,0.0,41.0,0.0,9920362.0,0.0041329136981090005,3.7376696182833684,-1.33948446518181,5.65214517088646,11.003,166.17569860957,1.0790451227521
Russia-Ukraine War,Ukraine,UKR,Hungary,HUN,neighboring_host,2013,0,0.0,9.0,5.0,9872734.0,0.0009116015887797646,2.302585092994046,2.03216990678146,1.73319984983101,10.177,164.476024791467,2.99109062228032
Russia-Ukraine War,Ukraine,UKR,Hungary,HUN,neighboring_host,2014,0,4895.0,10.0,7.0,9833038.0,0.0010169796964071532,2.3978952727983707,4.33435364113967,-0.227566270988219,7.725,168.358355086413,0.747477578049868
Russia-Ukraine War,Ukraine,UKR,Hungary,HUN,neighboring_host,2015,0,1890.0,17.0,11.0,9797755.0,0.0017350913551114515,2.8903717578961645,3.65981615406955,-0.0616446800641672,6.813,167.290738494524,2.11856059497338
Russia-Ukraine War,Ukraine,UKR,Hungary,HUN,neighboring_host,2016,0,697.0,19.0,5.0,9759755.0,0.0019467701801940726,2.995732273553991,2.43864141309342,0.394769306686392,5.115,163.97194450015,4.40234047330024
Russia-Ukraine War,Ukraine,UKR,Hungary,HUN,neighboring_host,2017,0,447.0,19.0,0.0,9726756.0,0.001953374794227387,2.995732273553991,4.12418389451805,2.34824281150154,4.156,165.032855840268,1.71954655139941
Russia-Ukraine War,Ukraine,UKR,Hungary,HUN,neighboring_host,2018,0,243.0,19.0,0.0,9706964.0,0.0019573576248969296,2.995732273553991,5.60613813768876,2.85024792594646,3.667,162.700858777925,0.340906702488933
Russia-Ukraine War,Ukraine,UKR,Hungary,HUN,neighboring_host,2019,0,311.0,15.0,0.0,9694824.0,0.0015472173605214493,2.772588722239781,5.07718495088933,3.33858635382008,3.411,159.925556464831,-0.606737568975118
Russia-Ukraine War,Ukraine,UKR,Hungary,HUN,neighboring_host,2020,0,196.0,14.0,0.0,9670419.0,0.0014477138994701264,2.70805020110221,-4.33872540024058,3.32674385766738,4.248,154.527002936377,-1.03428088875148
Russia-Ukraine War,Ukraine,UKR,Hungary,HUN,neighboring_host,2021,0,208.0,13.0,0.0,9630932.0,0.0013498174423825233,2.6390573296152584,7.22291580811137,5.11096534382855,4.021,159.187527332834,-4.28505680487641
Russia-Ukraine War,Ukraine,UKR,Hungary,HUN,neighboring_host,2022,1,43.0,29632.0,5.0,9605074.0,3.0850360965464714,10.296643884176694,4.15238057779229,14.6081439492433,3.583,185.000204092698,-8.86819485242409
Russia-Ukraine War,Ukraine,UKR,Hungary,HUN,neighboring_host,2023,1,0.0,57401.0,0.0,9592186.0,5.984141675317805,10.957834424906222,-0.817107370513455,17.1249659678737,4.096,158.385747467469,-0.00361531860726958
Russia-Ukraine War,Ukraine,UKR,Hungary,HUN,neighboring_host,2024,1,0.0,62987.0,0.0,9562065.0,6.587175468897147,11.0506995110403,0.560117843140432,3.70370370370369,4.5,146.504561505902,1.58180029565553
Russia-Ukraine War,Ukraine,UKR,Italy,ITA,non_neighbor_european_host,2010,0,0.0,71.0,6.0,59819407.0,0.0011869057812625926,4.276666119016055,1.52910573247101,1.52551602118248,8.363,51.6621118138339,-3.24412215335914
Russia-Ukraine War,Ukraine,UKR,Italy,ITA,non_neighbor_european_host,2011,0,0.0,60.0,0.0,60026841.0,0.000999552850032538,4.110873864173311,0.695463154440176,2.78063272879323,8.359,54.4722149449288,-2.74163808728921
Russia-Ukraine War,Ukraine,UKR,Italy,ITA,non_neighbor_european_host,2012,0,0.0,60.0,13.0,60191247.0,0.0009968226775564227,4.110873864173311,-3.12523877282996,3.04136333226775,10.655,54.8844952702204,-0.215238993496647
Russia-Ukraine War,Ukraine,UKR,Italy,ITA,non_neighbor_european_host,2013,0,0.0,77.0,5.0,60311613.0,0.0012767027139532813,4.356708826689592,-1.81802510749792,1.21999342274306,12.149,54.0341846317499,1.03825599780866
Russia-Ukraine War,Ukraine,UKR,Italy,ITA,non_neighbor_european_host,2014,0,4895.0,236.0,1556.0,60320707.0,0.003912420986710252,5.4680601411351315,-0.00138761730454462,0.241047429826756,12.683,54.4545299332032,1.70979552518118
Russia-Ukraine War,Ukraine,UKR,Italy,ITA,non_neighbor_european_host,2015,0,1890.0,1870.0,3106.0,60229605.0,0.03104785429026141,7.534228326274089,0.885667635240807,0.0387903996579733,11.896,55.4356858148221,1.23326652485504
Russia-Ukraine War,Ukraine,UKR,Italy,ITA,non_neighbor_european_host,2016,0,697.0,3720.0,2544.0,60115223.0,0.061881164443156104,8.221747728346623,1.23622108511661,-0.09401665691575,11.688,54.4321467018313,2.46140246001819
Russia-Ukraine War,Ukraine,UKR,Italy,ITA,non_neighbor_european_host,2017,0,447.0,4947.0,4453.0,60002252.0,0.08244690549281383,8.506738733512378,1.60369995294101,1.22653316645812,11.211,57.5829940274911,2.47968309636806
Russia-Ukraine War,Ukraine,UKR,Italy,ITA,non_neighbor_european_host,2018,0,243.0,5861.0,4164.0,60148658.0,0.09744190801397432,8.676246121270838,0.826646712344115,1.13748763600391,10.538,59.2749835128154,2.57144669559437
Russia-Ukraine War,Ukraine,UKR,Italy,ITA,non_neighbor_european_host,2019,0,311.0,6353.0,1189.0,59729081.0,0.10636359866310349,8.756839814829462,0.429162533780342,0.611246943765304,9.884,58.6941902594738,3.23388196417885
Russia-Ukraine War,Ukraine,UKR,Italy,ITA,non_neighbor_european_host,2020,0,196.0,2920.0,961.0,59438851.0,0.049126117865232626,7.979681302387741,-8.86822122185345,-0.13770757391651,9.192,53.9394839042764,3.9369545603398
Russia-Ukraine War,Ukraine,UKR,Italy,ITA,non_neighbor_european_host,2021,0,208.0,3379.0,680.0,59133173.0,0.05714220679482226,8.125630988477065,8.93106210800055,1.87378325762481,9.497,60.3019776202798,2.03966459401318
Russia-Ukraine War,Ukraine,UKR,Italy,ITA,non_neighbor_european_host,2022,1,43.0,149872.0,1878.0,59013667.0,2.5396151030573986,11.917543547787066,4.82117669913565,8.20128991161718,8.069,72.0165023032697,-1.82962143546248
Russia-Ukraine War,Ukraine,UKR,Italy,ITA,non_neighbor_european_host,2023,1,0.0,164667.0,1331.0,58984216.0,2.791712955886368,12.01168660463516,0.975694840127005,5.62219442195901,7.627,65.1071778763174,0.224243443277791
Russia-Ukraine War,Ukraine,UKR,Italy,ITA,non_neighbor_european_host,2024,1,0.0,167780.0,1875.0,58952704.0,2.8460102525577113,12.030414836568482,0.692676948440536,0.982373023061417,6.5,62.8237685119526,1.08253400174467
Russia-Ukraine War,Ukraine,UKR,Moldova,MDA,neighboring_host,2010,0,0.0,0.0,11.0,2862354.0,0.0,0.0,7.10000010705836,7.48385086350851,2.972,87.9378518951573,-6.90279523078091
Russia-Ukraine War,Ukraine,UKR,Moldova,MDA,neighboring_host,2011,0,0.0,0.0,0.0,2860699.0,0.0,0.0,5.81816614684824,7.6872510335619,2.677,98.6175965326556,-10.1250094571942
Russia-Ukraine War,Ukraine,UKR,Moldova,MDA,neighboring_host,2012,0,0.0,0.0,0.0,2860324.0,0.0,0.0,-0.589733954762579,4.54633427355302,2.189,96.3064098336294,-7.39016827021289
Russia-Ukraine War,Ukraine,UKR,Moldova,MDA,neighboring_host,2013,0,0.0,0.0,0.0,2859558.0,0.0,0.0,9.0438656074181,4.59787897363127,1.894,95.6872968332383,-5.16294162285185
Russia-Ukraine War,Ukraine,UKR,Moldova,MDA,neighboring_host,2014,0,4895.0,17.0,83.0,2857815.0,0.0059486005917108,2.8903717578961645,4.99962585407656,5.08878554625869,1.45,94.2282919690928,-6.04440067766107
Russia-Ukraine War,Ukraine,UKR,Moldova,MDA,neighboring_host,2015,0,1890.0,102.0,51.0,2835978.0,0.03596642851249199,4.634728988229636,-0.338235622387202,9.67624033101859,1.781,88.9664154565323,-5.93562136370789
Russia-Ukraine War,Ukraine,UKR,Moldova,MDA,neighboring_host,2016,0,697.0,74.0,31.0,2803186.0,0.026398533668475797,4.31748811353631,4.64601436259409,6.35930898037931,1.591,89.0046837188671,-3.61387040187984
Russia-Ukraine War,Ukraine,UKR,Moldova,MDA,neighboring_host,2017,0,447.0,60.0,16.0,2755189.0,0.021777090428279147,4.110873864173311,4.17561205106279,6.57022997455611,1.622,88.6233902754378,-5.83735984990539
Russia-Ukraine War,Ukraine,UKR,Moldova,MDA,neighboring_host,2018,0,243.0,58.0,10.0,2707203.0,0.021424326140300525,4.07753744390572,4.07559546585034,3.04505397337071,1.239,87.4467874275648,-10.7699247852566
Russia-Ukraine War,Ukraine,UKR,Moldova,MDA,neighboring_host,2019,0,311.0,53.0,5.0,2664224.0,0.01989322219152744,3.9889840465642745,3.5523140853476,4.83778351428728,1.502,87.6322371148906,-9.42148010949479
Russia-Ukraine War,Ukraine,UKR,Moldova,MDA,neighboring_host,2020,0,196.0,33.0,5.0,2635130.0,0.012523101327069252,3.5263605246161616,-8.27597831976949,3.76597122245351,1.206,79.265722119158,-7.6900486921726
Russia-Ukraine War,Ukraine,UKR,Moldova,MDA,neighboring_host,2021,0,208.0,18.0,7.0,2595809.0,0.006934254407778076,2.9444389791664403,13.9299997889786,5.10641129002835,0.794,88.4708865399267,-12.4095546577967
Russia-Ukraine War,Ukraine,UKR,Moldova,MDA,neighboring_host,2022,1,43.0,98910.0,3194.0,2528654.0,39.11567181591471,11.501975734883972,-4.6000000255323,28.7372976766235,0.909,112.117671579766,-17.0894479797469
Russia-Ukraine War,Ukraine,UKR,Moldova,MDA,neighboring_host,2023,1,0.0,120564.0,131.0,2457783.0,49.05396448750764,11.699944305565806,1.2000000493378,13.4170104381299,1.57,93.9946211488052,-11.0612264538806
Russia-Ukraine War,Ukraine,UKR,Moldova,MDA,neighboring_host,2024,1,0.0,135486.0,375.0,2402306.0,56.39831062320953,11.816630973739855,0.103059364371205,4.67773516007052,1.427,88.6661154286831,-16.5529874400431
Russia-Ukraine War,Ukraine,UKR,Netherlands,NLD,non_neighbor_european_host,2010,0,0.0,124.0,15.0,16615394.0,0.0074629587477732994,4.8283137373023015,1.31932032302214,1.27530569556679,4.991,130.081707935343,6.40659475745775
Russia-Ukraine War,Ukraine,UKR,Netherlands,NLD,non_neighbor_european_host,2011,0,0.0,103.0,28.0,16693074.0,0.006170223650838665,4.6443908991413725,1.77334516269423,2.34107017751373,4.977,141.757099325776,7.01569973680718
Russia-Ukraine War,Ukraine,UKR,Netherlands,NLD,non_neighbor_european_host,2012,0,0.0,74.0,28.0,16754962.0,0.004416602078834915,4.31748811353631,-0.977876877747732,2.45554765291614,5.821,149.393223058131,7.50199225228894
Russia-Ukraine War,Ukraine,UKR,Netherlands,NLD,non_neighbor_european_host,2013,0,0.0,63.0,0.0,16804432.0,0.003749010975199876,4.1588830833596715,-0.0302325600539604,2.50689852657875,7.241,150.651850226949,7.90135338752684
Russia-Ukraine War,Ukraine,UKR,Netherlands,NLD,non_neighbor_european_host,2014,0,4895.0,52.0,105.0,16865008.0,0.003083307164752012,3.970291913552122,1.61261001294011,0.976035079699679,7.419,151.715891056501,8.54625757819212
Russia-Ukraine War,Ukraine,UKR,Netherlands,NLD,non_neighbor_european_host,2015,0,1890.0,39.0,315.0,16939923.0,0.0023022536761235575,3.6888794541139363,2.12060523860846,0.600248147278776,6.872,160.325812564809,4.84837059519835
Russia-Ukraine War,Ukraine,UKR,Netherlands,NLD,non_neighbor_european_host,2016,0,697.0,32.0,64.0,17030314.0,0.0018790023484006226,3.4965075614664802,2.42428572955482,0.316666666666652,6.007,150.96552921165,7.14588669256921
Russia-Ukraine War,Ukraine,UKR,Netherlands,NLD,non_neighbor_european_host,2017,0,447.0,23.0,32.0,17131296.0,0.0013425720972890785,3.1780538303479458,2.78154619309936,1.38145871407216,4.837,159.646059656847,8.04969631853887
Russia-Ukraine War,Ukraine,UKR,Netherlands,NLD,non_neighbor_european_host,2018,0,243.0,23.0,31.0,17231624.0,0.00133475521517879,3.1780538303479458,2.2587403735731,1.70349794744479,3.832,163.559146573044,8.83776760941587
Russia-Ukraine War,Ukraine,UKR,Netherlands,NLD,non_neighbor_european_host,2019,0,311.0,20.0,59.0,17344874.0,0.0011530784253607146,3.044522437723423,2.30009157916757,2.63369910249591,3.379,160.676671884999,6.79648399842587
Russia-Ukraine War,Ukraine,UKR,Netherlands,NLD,non_neighbor_european_host,2020,0,196.0,21.0,21.0,17441500.0,0.0012040248831809192,3.091042453358316,-3.86795333823223,1.27246037789161,3.82,152.233230409706,5.72296366531146
Russia-Ukraine War,Ukraine,UKR,Netherlands,NLD,non_neighbor_european_host,2021,0,208.0,34.0,35.0,17533044.0,0.0019391954985112682,3.5553480614894135,6.2768306708326,2.67572008805385,4.209,163.154842689698,10.2781370842496
Russia-Ukraine War,Ukraine,UKR,Netherlands,NLD,non_neighbor_european_host,2022,1,43.0,102643.0,1059.0,17700982.0,5.798717833846732,11.539021969691502,5.00723455159611,10.0012078753473,3.526,184.107484252682,6.82147679536226
Russia-Ukraine War,Ukraine,UKR,Netherlands,NLD,non_neighbor_european_host,2023,1,0.0,105338.0,1290.0,17877117.0,5.892337114535862,11.564938999922262,-0.598096167209832,3.83839354342808,3.535,165.030429478933,9.41409249872004
Russia-Ukraine War,Ukraine,UKR,Netherlands,NLD,non_neighbor_european_host,2024,1,0.0,118974.0,564.0,17993485.0,6.612059865001138,11.68666866598931,1.08100584845663,3.34754304219953,3.7,153.83065216636,9.12996820020418
Russia-Ukraine War,Ukraine,UKR,Poland,POL,neighboring_host,2010,0,0.0,20.0,16.0,38042794.0,0.0005257237415317076,3.044522437723423,3.16892748258036,2.58069370250548,9.578,82.2258523219922,-5.16657584018312
Russia-Ukraine War,Ukraine,UKR,Poland,POL,neighboring_host,2011,0,0.0,25.0,52.0,38063255.0,0.0006568014217386295,3.258096538021482,5.25546256612796,4.23940149625932,9.576,86.9236892837618,-5.11055687403888
Russia-Ukraine War,Ukraine,UKR,Poland,POL,neighboring_host,2012,0,0.0,25.0,38.0,38063164.0,0.0006568029919950953,3.258096538021482,1.51178167644575,3.56037151702793,10.031,88.8299033066583,-4.11182485634079
Russia-Ukraine War,Ukraine,UKR,Poland,POL,neighboring_host,2013,0,0.0,39.0,25.0,38040196.0,0.0010252313105852556,3.6888794541139363,0.684240607051805,0.991982606332335,10.293,90.4175072415629,-1.98155143805472
Russia-Ukraine War,Ukraine,UKR,Poland,POL,neighboring_host,2014,0,4895.0,35.0,1077.0,38011735.0,0.000920768283794465,3.58351893845611,3.92050862390032,0.0538213132399802,8.971,92.0340197113178,-2.97288032663133
Russia-Ukraine War,Ukraine,UKR,Poland,POL,neighboring_host,2015,0,1890.0,41.0,719.0,37986412.0,0.0010793333152917944,3.7376696182833684,4.43176700264478,-0.874125874125862,7.475,92.2554272741942,-1.3254755565429
Russia-Ukraine War,Ukraine,UKR,Poland,POL,neighboring_host,2016,0,697.0,114.0,520.0,37970087.0,0.003002363413073033,4.74493212836325,3.03117767594847,-0.664767331433962,6.141,96.8659028060623,-1.06875807090352
Russia-Ukraine War,Ukraine,UKR,Poland,POL,neighboring_host,2017,0,447.0,369.0,333.0,37974826.0,0.009716963548430742,5.91350300563827,5.15245773325907,2.07593553673859,4.867,100.56589524628,-1.18631982461877
Russia-Ukraine War,Ukraine,UKR,Poland,POL,neighboring_host,2018,0,243.0,464.0,309.0,37974750.0,0.012218645284037419,6.142037405587356,6.2458584723942,1.81295156542689,3.835,102.442462168005,-1.96597240687912
Russia-Ukraine War,Ukraine,UKR,Poland,POL,neighboring_host,2019,0,311.0,485.0,515.0,37965475.0,0.012774764440587139,6.186208623900494,4.58045817256199,2.22747880938291,3.267,101.581033817373,-0.272945793712772
Russia-Ukraine War,Ukraine,UKR,Poland,POL,neighboring_host,2020,0,196.0,416.0,305.0,37515748.0,0.011088676680523603,6.0330862217988015,-2.03556882399977,3.37446972618589,3.155,99.2590912303436,2.39835922164097
Russia-Ukraine War,Ukraine,UKR,Poland,POL,neighboring_host,2021,0,208.0,422.0,109.0,36981559.0,0.011411092755716437,6.0473721790462776,6.92718266052501,5.05502704719272,3.268,110.874283021945,-1.30156521580162
Russia-Ukraine War,Ukraine,UKR,Poland,POL,neighboring_host,2022,1,43.0,958147.0,372.0,36821749.0,26.02122457572561,13.77275753353862,5.25545697386036,14.4294507575758,2.811,123.021332860345,-2.27455866454271
Russia-Ukraine War,Ukraine,UKR,Poland,POL,neighboring_host,2023,1,0.0,955891.0,1005.0,36687353.0,26.05505499401933,13.77040021494057,0.249610834017872,11.5289127961105,2.743,110.024935041815,1.53683077845046
Russia-Ukraine War,Ukraine,UKR,Poland,POL,neighboring_host,2024,1,0.0,991223.0,3448.0,36559233.0,27.112795282111087,13.806695822078998,3.02841630700273,3.79060897630197,2.807,100.359442847164,0.30454349270969
Russia-Ukraine War,Ukraine,UKR,Romania,ROU,neighboring_host,2010,0,0.0,0.0,5.0,20246871.0,0.0,0.0,-3.90581157302972,6.09141668601891,6.959,69.9549354932718,-4.98543687917278
Russia-Ukraine War,Ukraine,UKR,Romania,ROU,neighboring_host,2011,0,0.0,0.0,6.0,20147528.0,0.0,0.0,4.49558909946313,5.7892532881588,7.177,76.271356441629,-4.81588301986922
Russia-Ukraine War,Ukraine,UKR,Romania,ROU,neighboring_host,2012,0,0.0,0.0,0.0,20058035.0,0.0,0.0,1.90361696799603,3.33492267693442,6.794,76.5943239913672,-4.57804292376289
Russia-Ukraine War,Ukraine,UKR,Romania,ROU,neighboring_host,2013,0,0.0,0.0,0.0,19983693.0,0.0,0.0,0.278771877470234,3.9847123554813,7.096,81.3976131747183,-1.13746709997941
Russia-Ukraine War,Ukraine,UKR,Romania,ROU,neighboring_host,2014,0,4895.0,13.0,10.0,19908979.0,0.0006529717068866264,2.6390573296152584,4.11600109267832,1.06830987684298,6.802,83.3751429575201,-0.341464408053705
Russia-Ukraine War,Ukraine,UKR,Romania,ROU,neighboring_host,2015,0,1890.0,37.0,9.0,19815616.0,0.001867214221349465,3.6375861597263857,3.1570360543854,-0.594156437495203,6.812,83.5205767017155,-0.637491637323498
Russia-Ukraine War,Ukraine,UKR,Romania,ROU,neighboring_host,2016,0,697.0,39.0,0.0,19702267.0,0.001979467641972368,3.6888794541139363,2.85993252302089,-1.54479666813897,5.901,85.8925282906884,-2.10324885883263
Russia-Ukraine War,Ukraine,UKR,Romania,ROU,neighboring_host,2017,0,447.0,37.0,5.0,19588715.0,0.001888842632097103,3.6375861597263857,8.19547826641261,1.3390212110439,4.927,87.1560645667801,-3.19415712159883
Russia-Ukraine War,Ukraine,UKR,Romania,ROU,neighboring_host,2018,0,243.0,28.0,7.0,19473970.0,0.0014378167369057259,3.367295829986474,5.39452228185675,4.62548443137779,4.187,87.0911701095809,-4.60748728741797
Russia-Ukraine War,Ukraine,UKR,Romania,ROU,neighboring_host,2019,0,311.0,22.0,5.0,19371648.0,0.0011356803509954341,3.1354942159291497,3.96028958497598,3.82785432599438,3.912,84.9063630584793,-4.86977887140915
Russia-Ukraine War,Ukraine,UKR,Romania,ROU,neighboring_host,2020,0,196.0,20.0,5.0,19265250.0,0.0010381386174588962,3.044522437723423,-3.59802546034757,2.63107311184743,5.035,78.3616463562709,-5.14043847567815
Russia-Ukraine War,Ukraine,UKR,Romania,ROU,neighboring_host,2021,0,208.0,17.0,0.0,19122059.0,0.0008890256012702398,2.8903717578961645,5.58735072538869,5.05232876096582,5.59,87.0711965460145,-7.21435033247958
Russia-Ukraine War,Ukraine,UKR,Romania,ROU,neighboring_host,2022,1,43.0,100086.0,42.0,19048502.0,5.25427143824748,11.513795086739586,4.18771305104109,13.7954887432521,5.614,93.9496509383447,-9.25297876069207
Russia-Ukraine War,Ukraine,UKR,Romania,ROU,neighboring_host,2023,1,0.0,81493.0,6.0,19061062.0,4.275365139675848,11.308284676886995,2.25773416555121,10.3971874764996,5.589,83.3753324062231,-7.03377443891132
Russia-Ukraine War,Ukraine,UKR,Romania,ROU,neighboring_host,2024,1,0.0,177996.0,5.0,19051804.0,9.342737307186239,12.08952197519961,0.916003764382594,5.72140574354439,5.4,77.2149837939003,-8.15745555807555
Russia-Ukraine War,Ukraine,UKR,Slovakia,SVK,neighboring_host,2010,0,0.0,17.0,0.0,5391428.0,0.0031531534873506612,2.8903717578961645,6.79058159142423,0.957018132975143,14.387,155.108497681586,-4.6203044518302
Russia-Ukraine War,Ukraine,UKR,Slovakia,SVK,neighboring_host,2011,0,0.0,17.0,0.0,5398384.0,0.003149090542651282,2.8903717578961645,2.56242473215553,3.9192859914629,13.634,169.178076311066,-4.92376770602967
Russia-Ukraine War,Ukraine,UKR,Slovakia,SVK,neighboring_host,2012,0,0.0,17.0,0.0,5407579.0,0.003143735856656001,2.8903717578961645,1.56917104702706,3.6061026352289,13.966,176.968958181431,0.938943103720464
Russia-Ukraine War,Ukraine,UKR,Slovakia,SVK,neighboring_host,2013,0,0.0,17.0,0.0,5413393.0,0.0031403594751018447,2.8903717578961645,0.703323545247201,1.40047368963025,14.226,180.903136491458,2.91051144201471
Russia-Ukraine War,Ukraine,UKR,Slovakia,SVK,neighboring_host,2014,0,4895.0,17.0,0.0,5418649.0,0.0031373133782978007,2.8903717578961645,2.70795151449488,-0.0761653295419871,11.536,176.756316098132,1.77620820872981
Russia-Ukraine War,Ukraine,UKR,Slovakia,SVK,neighboring_host,2015,0,1890.0,18.0,0.0,5423801.0,0.0033187058300995927,2.9444389791664403,5.17687909722133,-0.325219777427673,11.492,179.42602289503,-2.05103816352739
Russia-Ukraine War,Ukraine,UKR,Slovakia,SVK,neighboring_host,2016,0,697.0,21.0,0.0,5430798.0,0.003866835039712396,3.091042453358316,1.94781841524558,-0.520010196278266,9.679,182.757379596201,-1.41742583384371
Russia-Ukraine War,Ukraine,UKR,Slovakia,SVK,neighboring_host,2017,0,447.0,23.0,0.0,5439232.0,0.004228538146561867,3.1780538303479458,2.87473327453695,1.31194588223228,8.142,186.644687399549,-1.71807692688753
Russia-Ukraine War,Ukraine,UKR,Slovakia,SVK,neighboring_host,2018,0,243.0,23.0,0.0,5446771.0,0.00422268533044624,3.1780538303479458,4.06211981896483,2.51403712883812,6.544,188.732964699496,-1.59262375291934
Russia-Ukraine War,Ukraine,UKR,Slovakia,SVK,neighboring_host,2019,0,311.0,24.0,0.0,5454147.0,0.0044003214434814465,3.2188758248682006,2.27589910019393,2.66456133425431,5.761,183.722608631236,-3.51259174873162
Russia-Ukraine War,Ukraine,UKR,Slovakia,SVK,neighboring_host,2020,0,196.0,24.0,0.0,5458827.0,0.004396548928918245,3.2188758248682006,-2.58551241733207,1.93694126694223,6.719,167.534173320366,-0.437071238574067
Russia-Ukraine War,Ukraine,UKR,Slovakia,SVK,neighboring_host,2021,0,208.0,24.0,0.0,5447247.0,0.00440589530821716,3.2188758248682006,5.6558588065555,3.14960629921268,6.894,181.97948448512,-4.79283646505897
Russia-Ukraine War,Ukraine,UKR,Slovakia,SVK,neighboring_host,2022,1,43.0,94858.0,0.0,5431752.0,17.46361026792092,11.460146857524858,0.544591632137454,12.7741463637611,6.143,204.056318531151,-9.60893340616344
Russia-Ukraine War,Ukraine,UKR,Slovakia,SVK,neighboring_host,2023,1,0.0,124962.0,0.0,5426740.0,23.027084400579355,11.73577297246779,2.11263633214959,10.5319476645211,5.843,181.39087235645,-3.01849841620298
Russia-Ukraine War,Ukraine,UKR,Slovakia,SVK,neighboring_host,2024,1,0.0,142172.0,10.0,5422069.0,26.220986859444245,11.864799904905317,1.93867445549446,2.75760909424272,5.3,171.212800151635,-4.61427189349135
Russia-Ukraine War,Ukraine,UKR,Sweden,SWE,non_neighbor_european_host,2010,0,0.0,140.0,111.0,9378126.0,0.014928355622434589,4.948759890378168,5.75076477579255,1.15798802715626,8.61,85.0914849272733,5.92506783771235
Russia-Ukraine War,Ukraine,UKR,Sweden,SWE,non_neighbor_european_host,2011,0,0.0,118.0,140.0,9449213.0,0.012487812477081424,4.77912349311153,3.16388567406926,2.9611507382214,7.804,86.3907448060188,5.51028500175062
Russia-Ukraine War,Ukraine,UKR,Sweden,SWE,non_neighbor_european_host,2012,0,0.0,111.0,87.0,9519374.0,0.01166043061234909,4.718498871295094,-0.414397702454409,0.888377506923735,7.976,85.2980605424359,5.53304332576063
Russia-Ukraine War,Ukraine,UKR,Sweden,SWE,non_neighbor_european_host,2013,0,0.0,107.0,92.0,9600379.0,0.01114539332249279,4.68213122712422,1.13766671801426,-0.044292970148682,8.052,81.6402521329964,4.70549381033489
Russia-Ukraine War,Ukraine,UKR,Sweden,SWE,non_neighbor_european_host,2014,0,4895.0,114.0,1094.0,9696110.0,0.011757292357450565,4.74493212836325,2.29577238758284,-0.179638494114635,7.954,83.8229810483527,3.44736840993781
Russia-Ukraine War,Ukraine,UKR,Sweden,SWE,non_neighbor_european_host,2015,0,1890.0,133.0,1697.0,9799186.0,0.013572555924543121,4.897839799950911,4.38824673608589,-0.0467847449832812,7.432,84.1730765958171,2.71694586220694
Russia-Ukraine War,Ukraine,UKR,Sweden,SWE,non_neighbor_european_host,2016,0,697.0,203.0,810.0,9923085.0,0.020457347689755757,5.318119993844216,2.13117914731151,0.984269244577992,6.99,83.4519478574149,2.01094417852559
Russia-Ukraine War,Ukraine,UKR,Sweden,SWE,non_neighbor_european_host,2017,0,447.0,208.0,387.0,10057698.0,0.020680676631968865,5.342334251964811,1.88282184966646,1.79449904665599,6.718,86.0693088740521,2.18976179161859
Russia-Ukraine War,Ukraine,UKR,Sweden,SWE,non_neighbor_european_host,2018,0,243.0,215.0,445.0,10175214.0,0.021129776730002926,5.375278407684165,1.7702553546772,1.95353530127028,6.365,90.4087142361701,2.08249358421543
Russia-Ukraine War,Ukraine,UKR,Sweden,SWE,non_neighbor_european_host,2019,0,311.0,223.0,471.0,10278887.0,0.021694955883842286,5.4116460518550396,2.60823012869524,1.78415097403835,6.833,92.7511390290561,5.21540072405935
Russia-Ukraine War,Ukraine,UKR,Sweden,SWE,non_neighbor_european_host,2020,0,196.0,232.0,390.0,10353442.0,0.02240800692175607,5.4510384535657,-1.93379704032216,0.497367318853572,8.291,84.4745958141618,5.66402536162381
Russia-Ukraine War,Ukraine,UKR,Sweden,SWE,non_neighbor_european_host,2021,0,208.0,226.0,334.0,10415811.0,0.021697782342632754,5.424950017481403,5.2258643028773,2.16319736447143,8.803,91.1102374413042,6.24035538176738
Russia-Ukraine War,Ukraine,UKR,Sweden,SWE,non_neighbor_european_host,2022,1,43.0,46857.0,989.0,10486941.0,4.468128503822039,10.754877030826584,1.25543620445816,8.36929098869189,7.417,107.111751826512,4.02301740437692
Russia-Ukraine War,Ukraine,UKR,Sweden,SWE,non_neighbor_european_host,2023,1,0.0,43467.0,1111.0,10536632.0,4.1253220194081,10.679780314182743,-0.204061304891439,8.5486248974891,7.611,107.619709443974,6.2390117363286
Russia-Ukraine War,Ukraine,UKR,Sweden,SWE,non_neighbor_european_host,2024,1,0.0,45993.0,151.0,10569709.0,4.35139699683312,10.736266232181267,0.820071806703865,2.83581658224034,8.4,105.883091480464,6.4830167356985
